subj,sex,age,pilot,phase,phase_onset,phase_offset,stimulus,stim_onset,stim_offset,response,response_onset,response_offset,
111617_06,F,18.6,N,1,21964,79322,33,27166,31212,"o",31212,31212,
111617_06,F,18.6,N,1,21964,79322,14,31280,34986,"be",34986,34986,
111617_06,F,18.6,N,1,21964,79322,57,35054,39780,"pu",39780,39780,
111617_06,F,18.6,N,1,21964,79322,23,39848,46274,"gn",46274,46274,
111617_06,F,18.6,N,1,21964,79322,41,49844,53788,"r",53788,53788,
111617_06,F,18.6,N,1,21964,79322,62,53856,58242,"y",58242,58242,
111617_06,F,18.6,N,1,21964,79322,13,58514,62934,"pi",62934,62934,
111617_06,F,18.6,N,1,21964,79322,22,63002,66980,"22",66980,66980,
111617_06,F,18.6,N,1,21964,79322,4,70992,74290,"bk",74290,74290,
111617_06,F,18.6,N,1,21964,79322,59,74358,77520,"w",77520,77520,
111617_06,F,18.6,N,2,81872,579904,y,82960,113220,"62, 20, 17",109514,113220,
111617_06,F,18.6,N,2,81872,579904,br,118354,187000,"10, 40, 11, 52, 48, 15, 9",167348,187000,
111617_06,F,18.6,N,2,81872,579904,be,189074,268260,"16, 56, 50, 6, 44, 5, 25, 35, 37, 14, 12",238870,268260,
111617_06,F,18.6,N,2,81872,579904,pi,269518,313276,"31, 13, 45, 26, 53, 30",297602,313276,
111617_06,F,18.6,N,2,81872,579904,gy,315486,341802,"49, 54, 22",336518,341802,
111617_06,F,18.6,N,2,81872,579904,o,347616,379814,"27, 64, 33",373884,379814,
111617_06,F,18.6,N,2,81872,579904,bk,381140,403478,"4",400112,403478,
111617_06,F,18.6,N,2,81872,579904,w,405456,415344,"59",412012,415344,
111617_06,F,18.6,N,2,81872,579904,pu,416316,485656,"43, 25, 61, 7, 39, 34, 38, 28, 57",461278,485656,
111617_06,F,18.6,N,2,81872,579904,gn,485690,537064,"47, 51, 2, 18, 42, 63, 24, 23, 21",512196,537064,
111617_06,F,18.6,N,2,81872,579904,r,542368,577660,"46, 58, 41, 60",569296,577660,
111617_06,F,18.6,N,3,582032,706588,pi,582692,603228,"13",603228,603228,
111617_06,F,18.6,N,3,582032,706588,bk,604588,612442,"4",612442,612442,
111617_06,F,18.6,N,3,582032,706588,pu,615842,624240,"61",624240,624240,
111617_06,F,18.6,N,3,582032,706588,y,627062,633250,"62",633250,633250,
111617_06,F,18.6,N,3,582032,706588,br,635800,642498,"9",642498,642498,
111617_06,F,18.6,N,3,582032,706588,be,644810,652936,"50",652936,652936,
111617_06,F,18.6,N,3,582032,706588,w,656676,661708,"59",661708,661708,
111617_06,F,18.6,N,3,582032,706588,o,664632,671636,"33",671636,671636,
111617_06,F,18.6,N,3,582032,706588,gy,674798,683638,"49",683638,683638,
111617_06,F,18.6,N,3,582032,706588,r,686412,694348,"46",694348,694348,
111617_06,F,18.6,N,3,582032,706588,gn,696456,705568,"21",705568,705568,
060817_04,M,3.7,N,1,2754,104210,33,12240,22984,"",22984,22984,
060817_04,M,3.7,N,1,2754,104210,13,23018,35632,"",35632,35632,
060817_04,M,3.7,N,1,2754,104210,23,35938,48178,"gn",48178,48178,
060817_04,M,3.7,N,1,2754,104210,59,48212,54060,"w",54060,54060,
060817_04,M,3.7,N,1,2754,104210,9,54128,59772,"br",59772,59772,
060817_04,M,3.7,N,1,2754,104210,22,59840,67082,"dark blue",67082,67082,
060817_04,M,3.7,N,1,2754,104210,62,67150,72488,"y",72488,72488,
060817_04,M,3.7,N,1,2754,104210,41,72556,77078,"r",77078,77078,
060817_04,M,3.7,N,1,2754,104210,4,77146,89522,"dark blue",89522,89522,
060817_04,M,3.7,N,1,2754,104210,14,89624,96526,"light blue",96526,96526,
060817_04,M,3.7,N,1,2754,104210,57,96594,102340,"pu",102340,102340,
060817_04,M,3.7,N,2,145962,731680,o,150878,193256,"",193256,193256,
060817_04,M,3.7,N,2,145962,731680,y,194962,207264,"",207264,207264,
060817_04,M,3.7,N,2,145962,731680,be,253170,343284,"6, 44, 5, 16, 14, 56, 25, 50",322850,343284,
060817_04,M,3.7,N,2,145962,731680,bk,369552,386682,"",386682,386682,
060817_04,M,3.7,N,2,145962,731680,pi,387552,429998,"53, 34, 13",422796,429998,
060817_04,M,3.7,N,2,145962,731680,gy,446324,484262,"22, 41",480562,484262,
060817_04,M,3.7,N,2,145962,731680,br,500792,547706,"48, 38, 29",540334,547706,
060817_04,M,3.7,N,2,145962,731680,gn,555580,608838,"44, 21, 47, 23, 63",597176,608838,
060817_04,M,3.7,N,2,145962,731680,r,639104,687888,"41, 58, 46, 42",678300,687888,
060817_04,M,3.7,N,2,145962,731680,w,690030,705432,"59",703086,705432,
060817_04,M,3.7,N,2,145962,731680,pu,708702,729368,"",729368,729368,
062117_04,M,4.5,N,1,22406,71094,41,28628,33592,"r",33592,33592,
062117_04,M,4.5,N,1,22406,71094,14,33660,38318,"be",38318,38318,
062117_04,M,4.5,N,1,22406,71094,33,38386,41582,"o",41582,41582,
062117_04,M,4.5,N,1,22406,71094,4,41650,45016,"bk",45016,45016,
062117_04,M,4.5,N,1,22406,71094,9,45084,49776,"br",49776,49776,
062117_04,M,4.5,N,1,22406,71094,59,49844,52700,"w",52700,52700,
062117_04,M,4.5,N,1,22406,71094,23,52768,55590,"gr",55590,55590,
062117_04,M,4.5,N,1,22406,71094,62,55658,58412,"y",58412,58412,
062117_04,M,4.5,N,1,22406,71094,57,58480,62458,"pu",62458,62458,
062117_04,M,4.5,N,1,22406,71094,22,62526,65688,"gy",65688,65688,
062117_04,M,4.5,N,1,22406,71094,13,65756,69530,"pi",69530,69530,
062117_04,M,4.5,N,2,131442,881790,bk,135680,147526,"4",146064,147526,
062117_04,M,4.5,N,2,131442,881790,pu,173366,212466,"34, 6, 61",188020,212466,
062117_04,M,4.5,N,2,131442,881790,o,292626,316982,"64, 33, 27",310474,316982,
062117_04,M,4.5,N,2,131442,881790,be,319102,429250,"37, 14, 16, 5, 6, 56, 35, 50, 12, 22, 7, 25, 39, 57, 38, 44",339592,429250,
062117_04,M,4.5,N,2,131442,881790,y,507756,530366,"24, 17, 20, 62, 51",514338,530366,
062117_04,M,4.5,N,2,131442,881790,gy,589526,626994,"54, 22, 49",599726,626994,
062117_04,M,4.5,N,2,131442,881790,gn,636004,668270,"63, 21, 23, 51, 32, 2, 47, 18, 24",642566,668270,
062117_04,M,4.5,N,2,131442,881790,w,733958,742424,"59",740656,742424,
062117_04,M,4.5,N,2,131442,881790,pi,744566,765646,"45, 13, 53",752454,765646,
062117_04,M,4.5,N,2,131442,881790,br,799102,822460,"48, 9, 52, 40, 19, 11",804630,822460,
062117_04,M,4.5,N,2,131442,881790,r,843268,880328,"46, 28, 60, 58, 8, 43, 41, 42",847334,880328,
022317_04,f,2.7,y,1,30802,100096,y,46206,48314,"y",47328,47328,
022317_04,f,2.7,y,1,30802,100096,bk,50524,54162,"w",52530,52530,
022317_04,f,2.7,y,1,30802,100096,w,55760,57834,"w",57086,57086,
022317_04,f,2.7,y,1,30802,100096,br,59534,61370,"br",60690,60690,
022317_04,f,2.7,y,1,30802,100096,pu,62152,65790,"pu",64702,64702,
022317_04,f,2.7,y,1,30802,100096,gn,66470,68952,"gn",68374,68374,
022317_04,f,2.7,y,1,30802,100096,gy,70618,80444,"w",79866,79866,
022317_04,f,2.7,y,1,30802,100096,o,80988,86292,"o",85306,85306,
022317_04,f,2.7,y,1,30802,100096,r,87380,89794,"r",89114,89114,
022317_04,f,2.7,y,1,30802,100096,pi,90984,93602,"pi",92990,92990,
022317_04,f,2.7,y,1,30802,100096,be,94486,98279,"be",97206,97206,
022317_04,f,2.7,y,2,221578,797007,y,223482,268362,"62,59",268362,268362,
022317_04,f,2.7,y,2,221578,797007,w,291854,312528,"59",311202,312528,
022317_04,f,2.7,y,2,221578,797007,o,325346,355708,"35, 1,10,13",350268,354576,
022317_04,f,2.7,y,2,221578,797007,br,371824,403478,"57",402186,403478,
022317_04,f,2.7,y,2,221578,797007,pu,430916,479162,"4,61,39,57,5,7,38",469302,479162,
022317_04,f,2.7,y,2,221578,797007,pi,492116,538764,"26,38,53,30,28,13,45",528496,538764,
022317_04,f,2.7,y,2,221578,797007,gn,553758,605812,"21,18,32,44",597006,605812,
022317_04,f,2.7,y,2,221578,797007,be,617780,683910,"44,38,5,50,16,14,6,56",672452,683910,
022317_04,f,2.7,y,2,221578,797007,r,699006,741336,"42,30,45,41,46,60,8",730150,741336,
060817_02,f,5.0,n,1,4250,72352,62,11274,20705,"y",20705,20705,
060817_02,f,5.0,n,1,4250,72352,23,20706,26145,"gn",24310,24310,
060817_02,f,5.0,n,1,4250,72352,14,26146,29919,"be",29750,29750,
060817_02,f,5.0,n,1,4250,72352,41,29920,34917,"r",34782,34782,
060817_02,f,5.0,n,1,4250,72352,9,34918,39847,"br",39678,39678,
060817_02,f,5.0,n,1,4250,72352,59,39848,45185,"w",44948,44948,
060817_02,f,5.0,n,1,4250,72352,33,45186,51271,"o",49538,49538,
060817_02,f,5.0,n,1,4250,72352,57,51272,57561,"pu",55284,55284,
060817_02,f,5.0,n,1,4250,72352,4,57562,62423,"bk",60010,60010,
060817_02,f,5.0,n,1,4250,72352,22,62424,65891,"gy",64498,64498,
060817_02,f,5.0,n,1,4250,72352,13,65892,70210,"pi",69768,69768,
060817_02,f,5.0,n,2,106522,744056,o,111452,148104,"47,33,64",141678,147831,
060817_02,f,5.0,n,2,106522,744056,bk,165280,188122,"4",185388,188122,
060817_02,f,5.0,n,2,106522,744056,pu,200430,259828,"30,61,26,34,38,28,43",245956,259828,
060817_02,f,5.0,n,2,106522,744056,gy,270700,305116,"22,54,49",300070,305116,
060817_02,f,5.0,n,2,106522,744056,r,311684,352750,"46,41,58,60",345004,352750,
060817_02,f,5.0,n,2,106522,744056,gn,369396,416466,"2,23,21,18,32,63",406456,416466,
060817_02,f,5.0,n,2,106522,744056,be,442020,502996,"50,35,25,44,56,5,6,16,7,14",485132,502996,
060817_02,f,5.0,n,2,106522,744056,w,529930,546550,"59",543700,546550,
060817_02,f,5.0,n,2,106522,744056,br,577388,624376,"55,11,48,40,29,52,9",611170,624376,
060817_02,f,5.0,n,2,106522,744056,y,646374,676634,"62,24,17,20",669820,676634,
060817_02,f,5.0,n,2,106522,744056,pi,691016,742934,"34,28,31,30,26,53,13,45",731088,742934,
062117_08,F,4.5,N,1,11158,88114,14,35190,40834,"be",40834,40834,
062117_08,F,4.5,N,1,11158,88114,33,40902,47260,"o",47260,47260,
062117_08,F,4.5,N,1,11158,88114,22,47328,52394,"bk",52394,52394,
062117_08,F,4.5,N,1,11158,88114,57,52462,57834,"pu",57834,57834,
062117_08,F,4.5,N,1,11158,88114,9,57902,63002,"br",63002,63002,
062117_08,F,4.5,N,1,11158,88114,4,63070,66096,"bk",66096,66096,
062117_08,F,4.5,N,1,11158,88114,62,66164,69836,"y",69836,69836,
062117_08,F,4.5,N,1,11158,88114,13,69904,73916,"pi",73916,73916,
062117_08,F,4.5,N,1,11158,88114,59,73984,77996,"w",77996,77996,
062117_08,F,4.5,N,1,11158,88114,41,78064,80954,"r",80954,80954,
062117_08,F,4.5,N,1,11158,88114,23,81022,84014,"gn",84014,84014,
062117_08,F,4.5,N,2,138900,844084,be,143072,231982,"56, 50, 16, 37, 47, 35, 7, 6, 25, 44, 5, 14, 25",158712,231336,
062117_08,F,4.5,N,2,138900,844084,o,285902,335750,"33, 27, 54",329888,335750,
062117_08,F,4.5,N,2,138900,844084,pu,358434,406504,"30, 26, 34, 61",398486,406504,
062117_08,F,4.5,N,2,138900,844084,gy,447780,464882,"22, 54",462162,464882,
062117_08,F,4.5,N,2,138900,844084,pi,469526,500820,"13, 53, 26, 28, 45, 31",490150,500820,
062117_08,F,4.5,N,2,138900,844084,bk,552648,579054,"4",564502,579054,
062117_08,F,4.5,N,2,138900,844084,gn,615284,657628,"23, 21, 18, 63",648754,657628,
062117_08,F,4.5,N,2,138900,844084,w,688466,696728,"59",695150,696728,
062117_08,F,4.5,N,2,138900,844084,y,699652,730626,"62, 17, 24, 20",721650,730626,
062117_08,F,4.5,N,2,138900,844084,br,747864,795328,"48, 40, 15, 52, 11",785984,795328,
062117_08,F,4.5,N,2,138900,844084,r,819468,842486,"46, 58, 41, 42",836556,842486,
111717_01,F,19.1,N,1,47906,112676,41,54944,60180,"r",60180,60180,
111717_01,F,19.1,N,1,47906,112676,14,60248,64566,"be",64566,64566,
111717_01,F,19.1,N,1,47906,112676,4,64634,71638,"be",71638,71638,
111717_01,F,19.1,N,1,47906,112676,62,71774,76738,"y",76738,76738,
111717_01,F,19.1,N,1,47906,112676,57,76908,83300,"be",83300,83300,
111717_01,F,19.1,N,1,47906,112676,22,83368,88876,"be",88876,88876,
111717_01,F,19.1,N,1,47906,112676,13,88944,93466,"pi",93466,93466,
111717_01,F,19.1,N,1,47906,112676,59,93534,98736,"w",98736,98736,
111717_01,F,19.1,N,1,47906,112676,23,98804,103360,"gn",103360,103360,
111717_01,F,19.1,N,1,47906,112676,33,103428,107202,"o",107202,107202,
111717_01,F,19.1,N,1,47906,112676,9,107270,111588,"br",111588,111588,
111717_01,F,19.1,N,2,120496,657696,gy,121012,146166,"54, 22, 49",140352,146166,
111717_01,F,19.1,N,2,120496,657696,pi,146744,191964,"31, 30, 26, 28, 13, 53, 45",173162,191964,
111717_01,F,19.1,N,2,120496,657696,be,192446,264316,"16, 50, 14, 12, 7, 5, 6, 37, 39, 56, 35, 25, 44",230690,264316,
111717_01,F,19.1,N,2,120496,657696,pu,265472,322626,"43, 57, 61, 34, 39, 30",310590,322626,
111717_01,F,19.1,N,2,120496,657696,o,324666,385900,"33, 64, 3, 10, 42, 27, 29",371348,385900,
111717_01,F,19.1,N,2,120496,657696,gn,387668,446726,"23, 24, 51, 21, 2, 32, 18, 63, 47",429114,446726,
111717_01,F,19.1,N,2,120496,657696,w,446794,456552,"59",455192,456552,
111717_01,F,19.1,N,2,120496,657696,r,456586,524348,"46, 15, 41, 60, 58, 8",510646,524348,
111717_01,F,19.1,N,2,120496,657696,y,524864,550188,"17, 20, 62",544918,550188,
111717_01,F,19.1,N,2,120496,657696,br,550256,630258,"10, 9, 40, 15, 52, 11, 29, 48",614108,630258,
111717_01,F,19.1,N,2,120496,657696,bk,637364,654568,"4",653310,654568,
111717_01,F,19.1,N,3,666576,807160,y,678476,689656,"62",689656,689656,
111717_01,F,19.1,N,3,666576,807160,gn,690880,698700,"21",698700,698700,
111717_01,F,19.1,N,3,666576,807160,o,701930,709988,"33",709988,709988,
111717_01,F,19.1,N,3,666576,807160,bk,712300,719474,"4",719474,719474,
111717_01,F,19.1,N,3,666576,807160,br,721684,731986,"48",731986,731986,
111717_01,F,19.1,N,3,666576,807160,gy,733006,741132,"54",741132,741132,
111717_01,F,19.1,N,3,666576,807160,w,742118,747150,"59",747150,747150,
111717_01,F,19.1,N,3,666576,807160,be,748000,763844,"16",763844,763844,
111717_01,F,19.1,N,3,666576,807160,r,764966,775268,"58",775268,775268,
111717_01,F,19.1,N,3,666576,807160,pi,776492,786692,"13",786692,786692,
111717_01,F,19.1,N,3,666576,807160,pu,788086,806072,"57",806072,806072,
062117_07,F,4.1,N,1,21338,71638,9,25602,29852,"br",29852,29852,
062117_07,F,4.1,N,1,21338,71638,57,29920,34204,"be",34204,34204,
062117_07,F,4.1,N,1,21338,71638,14,34272,39644,"be",39644,39644,
062117_07,F,4.1,N,1,21338,71638,4,39712,43180,"bk",43180,43180,
062117_07,F,4.1,N,1,21338,71638,22,43248,47022,"gy",47022,47022,
062117_07,F,4.1,N,1,21338,71638,23,47090,51272,"gn",51272,51272,
062117_07,F,4.1,N,1,21338,71638,62,51340,57766,"y",57766,57766,
062117_07,F,4.1,N,1,21338,71638,13,57834,60928,"pi",60928,60928,
062117_07,F,4.1,N,1,21338,71638,59,60996,63614,"w",63614,63614,
062117_07,F,4.1,N,1,21338,71638,41,63682,66606,"r",66606,66606,
062117_07,F,4.1,N,1,21338,71638,33,66674,70278,"o",70278,70278,
062117_07,F,4.1,N,2,115078,1040842,gy,121686,172108,"22, 54, 49",165512,172108,
062117_07,F,4.1,N,2,115078,1040842,y,192576,220626,"17, 20, 62",217328,220626,
062117_07,F,4.1,N,2,115078,1040842,pi,298860,367234,"36, 45, 13, 31, 26, 53",352376,367234,
062117_07,F,4.1,N,2,115078,1040842,bk,403172,443496,"22, 4, 12",439320,443496,
062117_07,F,4.1,N,2,115078,1040842,gn,506056,593436,"6, 18, 44, 23, 47, 2, 24, 51, 32, 63, 21",559748,593436,
062117_07,F,4.1,N,2,115078,1040842,w,597652,608770,"59",606838,608770,
062117_07,F,4.1,N,2,115078,1040842,r,620738,691186,"43, 8, 42, 46, 58, 60, 3, 28, 41",672520,691186,
062117_07,F,4.1,N,2,115078,1040842,be,734162,809234,"37, 14, 5, 39, 50, 12, 25, 44, 16",788344,809234,
062117_07,F,4.1,N,2,115078,1040842,o,811736,839936,"33, 27",836420,839936,
062117_07,F,4.1,N,2,115078,1040842,br,858568,908922,"38, 55, 9, 48, 29, 11",896206,908922,
062117_07,F,4.1,N,2,115078,1040842,pu,935000,1038156,"26, 13, 61, 30, 34, 53, 28",1020496,1038156,
111617_01,F,18.6,N,1,31190,77860,57,35638,40732,"pu",40732,40732,
111617_01,F,18.6,N,1,31190,77860,4,40800,45492,"bk",45492,45492,
111617_01,F,18.6,N,1,31190,77860,23,45560,49538,"gn",49538,49538,
111617_01,F,18.6,N,1,31190,77860,22,49708,53482,"gy",53482,53482,
111617_01,F,18.6,N,1,31190,77860,9,53550,57834,"br",57834,57834,
111617_01,F,18.6,N,1,31190,77860,62,57902,61540,"y",61540,61540,
111617_01,F,18.6,N,1,31190,77860,13,61914,65212,"pi",65212,65212,
111617_01,F,18.6,N,1,31190,77860,59,65280,67728,"w",67728,67728,
111617_01,F,18.6,N,1,31190,77860,14,67796,70482,"be",70482,70482,
111617_01,F,18.6,N,1,31190,77860,33,70550,73610,"o",73610,73610,
111617_01,F,18.6,N,1,31190,77860,41,73950,76466,"r",76466,76466,
111617_01,F,18.6,N,2,79288,472192,be,86054,159834,"25, 44, 37, 35, 16, 12, 14, 50, 56, 5",134266,159834,
111617_01,F,18.6,N,2,79288,472192,br,161928,217668,"48, 3, 29, 11, 52, 40, 9, 55",203496,217668,
111617_01,F,18.6,N,2,79288,472192,pi,218456,258468,"30, 13, 34, 43, 45, 26, 28, 31, 53",241128,258468,
111617_01,F,18.6,N,2,79288,472192,w,260100,269416,"59",267416,269416,
111617_01,F,18.6,N,2,79288,472192,gn,272578,309774,"18, 24, 51, 32, 47, 23, 2, 63, 21",292692,309774,
111617_01,F,18.6,N,2,79288,472192,gy,310080,327998,"54, 22, 39",322938,327998,
111617_01,F,18.6,N,2,79288,472192,y,333002,354484,"17, 62, 20",346534,354471,
111617_01,F,18.6,N,2,79288,472192,pu,356422,404838,"57, 7, 39, 37, 61",398990,404838,
111617_01,F,18.6,N,2,79288,472192,o,412080,435812,"64, 33, 27, 10, 3",429780,435812,
111617_01,F,18.6,N,2,79288,472192,bk,441598,451690,"4",449894,451690,
111617_01,F,18.6,N,2,79288,472192,r,452478,470900,"41, 60, 46, 58",465398,470900,
111617_01,F,18.6,N,3,473694,605438,gn,473756,491708,"29",491708,491708,
111617_01,F,18.6,N,3,473694,605438,gy,491776,503982,"22",503982,503982,
111617_01,F,18.6,N,3,473694,605438,pi,506144,515202,"13",515202,515202,
111617_01,F,18.6,N,3,473694,605438,pu,516908,532440,"57",532440,532440,
111617_01,F,18.6,N,3,473694,605438,o,534820,542674,"33",542674,542674,
111617_01,F,18.6,N,3,473694,605438,bk,543292,551106,"4",551106,551106,
111617_01,F,18.6,N,3,473694,605438,be,552500,563380,"16",563380,563380,
111617_01,F,18.6,N,3,473694,605438,bn,566168,574702,"9",574702,574702,
111617_01,F,18.6,N,3,473694,605438,y,575742,583372,"62",583372,583372,
111617_01,F,18.6,N,3,473694,605438,w,585200,594422,"59",594422,594422,
111617_01,F,18.6,N,3,473694,605438,r,594490,603772,"60",603772,603772,
111617_07,F,19.3,N,1,10130,60928,13,15130,20264,"pi",20264,20264,
111617_07,F,19.3,N,1,10130,60928,9,20332,24004,"br",24004,24004,
111617_07,F,19.3,N,1,10130,60928,62,24072,28016,"y",28016,28016,
111617_07,F,19.3,N,1,10130,60928,57,28084,31484,"pu",31484,31484,
111617_07,F,19.3,N,1,10130,60928,4,31552,36142,"bk",36142,36142,
111617_07,F,19.3,N,1,10130,60928,23,36210,40392,"gn",40392,40392,
111617_07,F,19.3,N,1,10130,60928,41,40460,43928,"r",43928,43928,
111617_07,F,19.3,N,1,10130,60928,33,43996,48348,"o",48348,48348,
111617_07,F,19.3,N,1,10130,60928,59,48416,53278,"w",53278,53278,
111617_07,F,19.3,N,1,10130,60928,14,53346,56950,"be",56950,56950,
111617_07,F,19.3,N,1,10130,60928,22,57018,60112,"gy",60112,60112,
111617_07,F,19.3,N,2,72556,461312,pu,73338,102748,"61, 57, 34",96580,102748,
111617_07,F,19.3,N,2,72556,461312,w,105366,112914,"59",110160,112914,
111617_07,F,19.3,N,2,72556,461312,gn,115906,150756,"47, 63, 32, 18, 2, 23, 21",135646,150756,
111617_07,F,19.3,N,2,72556,461312,br,153374,192644,"48, 11, 9, 40",184484,192644,
111617_07,F,19.3,N,2,72556,461312,r,195126,254184,"15, 46, 58, 60, 8, 41",238666,254184,
111617_07,F,19.3,N,2,72556,461312,bk,255068,265540,"4",264608,265540,
111617_07,F,19.3,N,2,72556,461312,gy,267274,286212,"22, 54",280520,286212,
111617_07,F,19.3,N,2,72556,461312,y,289204,320620,"51, 24, 62, 20, 17",312596,320620,
111617_07,F,19.3,N,2,72556,461312,be,321402,380698,"37, 5, 6, 12, 39, 16, 14, 25, 50, 7, 35, 56",355490,380698,
111617_07,F,19.3,N,2,72556,461312,o,380820,411264,"33, 64, 27",407388,411264,
111617_07,F,19.3,N,2,72556,461312,pi,415242,459170,"31, 45, 53, 13, 43",449806,459170,
111617_07,F,19.3,N,3,467806,616488,gy,469234,483174,"22",483174,483174,
111617_07,F,19.3,N,3,467806,616488,gn,484160,494156,"21",494156,494156,
111617_07,F,19.3,N,3,467806,616488,r,497522,512380,"41",512380,512380,
111617_07,F,19.3,N,3,467806,616488,pi,515066,522580,"13",522580,522580,
111617_07,F,19.3,N,3,467806,616488,y,524858,533154,"62",533154,533154,
111617_07,F,19.3,N,3,467806,616488,o,534548,548148,"33",548148,548148,
111617_07,F,19.3,N,3,467806,616488,w,549304,555084,"59",555084,555084,
111617_07,F,19.3,N,3,467806,616488,be,557736,577354,"14",577354,577354,
111617_07,F,19.3,N,3,467806,616488,bk,578734,586330,"4",586330,586330,
111617_07,F,19.3,N,3,467806,616488,br,589152,595340,"48",595340,595340,
111617_07,F,19.3,N,3,467806,616488,pu,596020,614890,"57",614890,614890,
111617_08,F,18.7,N,0,22576,69768,,27158,69768,"12, 8, 6, 29, 57, 5, 8, 15, 94, 2, 9, 97, 46, 5",30858,69768,
111617_08,F,18.7,N,1,78132,126616,14,83048,86292,"be",86292,86292,
111617_08,F,18.7,N,1,78132,126616,57,86360,90542,"pu",90542,90542,
111617_08,F,18.7,N,1,78132,126616,62,90610,96662,"y",96662,96662,
111617_08,F,18.7,N,1,78132,126616,4,96730,100572,"bk",100572,100572,
111617_08,F,18.7,N,1,78132,126616,9,100640,104176,"br",104176,104176,
111617_08,F,18.7,N,1,78132,126616,23,104244,108392,"gn",108392,108392,
111617_08,F,18.7,N,1,78132,126616,59,108460,112030,"w",112030,112030,
111617_08,F,18.7,N,1,78132,126616,33,112098,115804,"o",115804,115804,
111617_08,F,18.7,N,1,78132,126616,22,115872,119782,"gy",119782,119782,
111617_08,F,18.7,N,1,78132,126616,13,119850,122774,"pi",122774,122774,
111617_08,F,18.7,N,1,78132,126616,41,122842,125936,"r",125936,125936,
111617_08,F,18.7,N,2,130750,541926,r,139658,181288,"8, 41, 42, 60, 46, 58",170408,181288,
111617_08,F,18.7,N,2,130750,541926,w,181628,189958,"59",188598,189958,
111617_08,F,18.7,N,2,130750,541926,gn,190026,238204,"24, 44, 51, 47, 2, 23, 63, 32, 21, 18",215804,238204,
111617_08,F,18.7,N,2,130750,541926,gy,238816,263806,"22, 49, 54",258400,263806,
111617_08,F,18.7,N,2,130750,541926,br,263874,328916,"29, 19, 3, 48, 10, 9, 55, 11, 40, 15, 52",300696,328916,
111617_08,F,18.7,N,2,130750,541926,pi,329732,364276,"31, 26, 13, 45, 53",353654,364276,
111617_08,F,18.7,N,2,130750,541926,pu,364888,410108,"7, 34, 57, 61, 38, 28, 43, 30",392210,410108,
111617_08,F,18.7,N,2,130750,541926,o,410380,453322,"42, 36, 33, 10, 27, 64, 1",436764,453322,
111617_08,F,18.7,N,2,130750,541926,bk,453390,462604,"4",459176,462604,
111617_08,F,18.7,N,2,130750,541926,y,462964,480726,"62, 17, 20",475014,480726,
111617_08,F,18.7,N,2,130750,541926,be,481712,539648,"25, 12, 37, 6, 35, 44, 16, 50, 56, 7, 14, 5",505070,539648,
111617_08,F,18.7,N,3,543550,655894,pu,544836,568004,"57",568004,568004,
111617_08,F,18.7,N,3,543550,655894,gn,568378,576470,"23",576470,576470,
111617_08,F,18.7,N,3,543550,655894,gy,577150,585718,"22",585718,585718,
111617_08,F,18.7,N,3,543550,655894,be,586160,592484,"16",592484,592484,
111617_08,F,18.7,N,3,543550,655894,w,593164,597652,"59",597652,597652,
111617_08,F,18.7,N,3,543550,655894,r,599182,615468,"60",615468,615468,
111617_08,F,18.7,N,3,543550,655894,y,616556,622472,"62",622472,622472,
111617_08,F,18.7,N,3,543550,655894,br,623186,635902,"48",635902,635902,
111617_08,F,18.7,N,3,543550,655894,o,636174,642804,"27",642804,642804,
111617_08,F,18.7,N,3,543550,655894,pi,643620,648890,"13",648890,648890,
111617_08,F,18.7,N,3,543550,655894,bk,649774,655248,"4",655248,655248,
060817_03,F,2.3,N,1,9758,127466,14,15130,21692,"be",21692,21692,
060817_03,F,2.3,N,1,9758,127466,23,21726,38046,"gn",38046,38046,
060817_03,F,2.3,N,1,9758,127466,59,38114,44812,"w",44812,44812,
060817_03,F,2.3,N,1,9758,127466,13,44948,54366,"pi",54366,54366,
060817_03,F,2.3,N,1,9758,127466,62,54434,60690,"gn",60690,60690,
060817_03,F,2.3,N,1,9758,127466,41,60758,75854,"",75854,75854,
060817_03,F,2.3,N,1,9758,127466,9,75922,94996,"brue",94996,94996,
060817_03,F,2.3,N,1,9758,127466,22,95064,102374,"w",102374,102374,
060817_03,F,2.3,N,1,9758,127466,4,102408,108358,"w",108358,108358,
060817_03,F,2.3,N,1,9758,127466,33,108392,115328,"gn",115328,115328,
060817_03,F,2.3,N,1,9758,127466,57,115362,126752,"w",126752,126752,
060817_03,F,2.3,N,2,205870,604282,y,207740,276012,"",276012,276012,
060817_03,F,2.3,N,2,205870,604282,br,277134,306034,"57",303212,306034,
060817_03,F,2.3,N,2,205870,604282,w,332792,363868,"43",360502,363868,
060817_03,F,2.3,N,2,205870,604282,o,395046,403716,"",403716,403716,
060817_03,F,2.3,N,2,205870,604282,pi,407014,477292,"13, 63, 30, 31, 6, 53, 28, 64, 34",470730,477292,
060817_03,F,2.3,N,2,205870,604282,gn,495312,601868,"58, 51, 45, 55, 50",591498,601868,
060817_01,F,2.7,N,1,62628,171768,bk,63850,89080,"",89080,89080,
060817_01,F,2.7,N,1,62628,171768,13,89964,94010,"pi",92786,92786,
060817_01,F,2.7,N,1,62628,171768,33,95098,100334,"o",98532,98532,
060817_01,F,2.7,N,1,62628,171768,59,100776,108732,"w",106828,106828,
060817_01,F,2.7,N,1,62628,171768,pu,109446,124916,"",124916,124916,
060817_01,F,2.7,N,1,62628,171768,41,125018,128486,"r",127432,127432,
060817_01,F,2.7,N,1,62628,171768,23,129302,133348,"gn",132056,132056,
060817_01,F,2.7,N,1,62628,171768,62,133790,139638,"y",138006,138006,
060817_01,F,2.7,N,1,62628,171768,22,140182,151572,"",151572,151572,
060817_01,F,2.7,N,1,62628,171768,14,152456,155992,"be",154836,154836,
060817_01,F,2.7,N,1,62628,171768,9,156332,164152,"br",161398,161398,
060817_01,F,2.7,N,,212804,856902,y,219368,278460,"20, 62, 17",273054,278460,
060817_01,F,2.7,N,,212804,856902,gn,286790,334186,"63, 24, 32",327488,334186,
060817_01,F,2.7,N,,212804,856902,gy,341938,382466,"40, 15, 48",375088,382466,
060817_01,F,2.7,N,,212804,856902,pi,392904,434724,"53, 31, 13",429692,434724,
060817_01,F,2.7,N,,212804,856902,w,443428,478788,"59",476170,478788,
060817_01,F,2.7,N,,212804,856902,o,496332,541076,"10, 33, 27",535126,541076,
060817_01,F,2.7,N,,212804,856902,br,553248,590784,"",590784,590784,
060817_01,F,2.7,N,,212804,856902,be,625940,691152,"25, 5, 7, 44",683162,691152,
060817_01,F,2.7,N,,212804,856902,bk,700910,734468,"",734468,734468,
060817_01,F,2.7,N,,212804,856902,r,755140,800904,"60, 41, 58, 46, 42",792472,800904,
060817_01,F,2.7,N,,212804,856902,pu,815762,855066,"7, 61, 34",850714,855066,
092817_03,F,2.5,N,1,37270,122366,4,51462,57426,"bk",57426,57426,
092817_03,F,2.5,N,1,37270,122366,57,57494,64124,"pu",64124,64124,
092817_03,F,2.5,N,1,37270,122366,13,64192,68918,"pi",68918,68918,
092817_03,F,2.5,N,1,37270,122366,23,68986,75854,"gn",75854,75854,
092817_03,F,2.5,N,1,37270,122366,9,75922,81906,"br",81906,81906,
092817_03,F,2.5,N,1,37270,122366,41,81974,86938,"r",86938,86938,
092817_03,F,2.5,N,1,37270,122366,14,87006,92140,"be",92140,92140,
092817_03,F,2.5,N,1,37270,122366,59,92208,96390,"w",96390,96390,
092817_03,F,2.5,N,1,37270,122366,22,96458,103870,"gy",103870,103870,
092817_03,F,2.5,N,1,37270,122366,62,103938,109140,"y",109140,109140,
092817_03,F,2.5,N,1,37270,122366,64 (wrong stimuli crayon. should be 33,109208,116382,"o",116382,116382,
092817_03,F,2.5,N,2,170170,931770,pi,175800,201552,"53, 13, 45",184008,201552,
092817_03,F,2.5,N,2,170170,931770,w,266730,284308,"59, 49",273278,284308,
092817_03,F,2.5,N,2,170170,931770,o,304776,329324,"27, 33, 45",312494,329324,
092817_03,F,2.5,N,2,170170,931770,br,347514,373354,"29, 1, 15, 43",354416,373354,
092817_03,F,2.5,N,2,170170,931770,r,456888,488002,"46, 58, 60, 42",467364,488002,
092817_03,F,2.5,N,2,170170,931770,be,567009,613224,"5, 14, 12, 6, 56, 39, 35, 16, 25",575640,613224,
092817_03,F,2.5,N,2,170170,931770,y,645422,675172,"17, 20, 62",661436,675172,
092817_03,F,2.5,N,2,170170,931770,pu,691407,713796,"61",702562,713796,
092817_03,F,2.5,N,2,170170,931770,gy,762006,778940,"55",769936,778940,
092817_03,F,2.5,N,2,170170,931770,gn,782054,809030,"21, 23, 63, 18",790302,809030,
092817_03,F,2.5,N,2,170170,931770,bk,917170,929662,"4",922916,929662,
111617_09,F,19.4,N,0,42024,90066,,50354,90066,"12, 8, 6, 29, 57, 5, 30, 15, 74, 2, 9, 87, 45, 5",52938,90066,
111617_09,F,19.4,N,1,102714,154428,23,110500,115328,"gn",115328,115328,
111617_09,F,19.4,N,1,102714,154428,59,115396,119918,"w",119918,119918,
111617_09,F,19.4,N,1,102714,154428,14,119952,123624,"be",123624,123624,
111617_09,F,19.4,N,1,102714,154428,41,123658,127806,"r",127806,127806,
111617_09,F,19.4,N,1,102714,154428,62,127840,132056,"y",132056,132056,
111617_09,F,19.4,N,1,102714,154428,22,132090,136816,"gy",136816,136816,
111617_09,F,19.4,N,1,102714,154428,13,136884,139706,"pi",139706,139706,
111617_09,F,19.4,N,1,102714,154428,33,139740,142868,"o",142868,142868,
111617_09,F,19.4,N,1,102714,154428,57,142902,147356,"pu",147356,147356,
111617_09,F,19.4,N,1,102714,154428,9,147390,150246,"br",150246,150246,
111617_09,F,19.4,N,1,102714,154428,4,150280,153374,"bk",153374,153374,
111617_09,F,19.4,N,,160208,711008,y,165716,211310,"51, 20, 24, 62, 17",202504,211310,
111617_09,F,19.4,N,,160208,711008,r,211990,260066,"58, 46, 60, 42, 41, 8",247690,260066,
111617_09,F,19.4,N,,160208,711008,bk,260372,275978,"4",272510,275978,
111617_09,F,19.4,N,,160208,711008,o,279446,337892,"29, 3, 42, 10, 64, 27, 33",322932,337892,
111617_09,F,19.4,N,,160208,711008,w,346480,355668,"59",351050,355668,
111617_09,F,19.4,N,,160208,711008,pu,360978,428196,"37, 26, 30, 34, 28, 61, 38, 57, 43",409788,428196,
111617_09,F,19.4,N,,160208,711008,gy,428672,454648,"49, 54, 22, 12",445604,454648,
111617_09,F,19.4,N,,160208,711008,gn,454716,492762,"23, 21, 18, 47, 63, 32, 2, 51",478264,492762,
111617_09,F,19.4,N,,160208,711008,br,492830,569602,"40, 11, 52, 9, 10, 3, 19, 15, 48, 29, 55",546080,569602,
111617_09,F,19.4,N,,160208,711008,be,569670,636174,"16, 5, 12, 35, 25, 7, 37, 44, 50, 56, 14, 6",611830,636174,
111617_09,F,19.4,N,,160208,711008,pi,636242,709410,"45, 26, 13, 31, 36, 30, 53, 34",691152,709410,
111617_09,F,19.4,N,3,712694,954550,pu,713626,738242,"57",738242,738242,
111617_09,F,19.4,N,3,712694,954550,br,748476,766292,"48",766292,766292,
111617_09,F,19.4,N,3,712694,954550,r,770814,795362,"41",795362,795362,
111617_09,F,19.4,N,3,712694,954550,gn,803590,812702,"23",812702,812702,
111617_09,F,19.4,N,3,712694,954550,w,816510,821168,"59",821168,821168,
111617_09,F,19.4,N,3,712694,954550,gy,827016,865436,"22",865436,865436,
111617_09,F,19.4,N,3,712694,954550,o,868938,888284,"33",888284,888284,
111617_09,F,19.4,N,3,712694,954550,y,892534,908174,"62",908174,908174,
111617_09,F,19.4,N,3,712694,954550,be,917864,932008,"14",932008,932008,
111617_09,F,19.4,N,3,712694,954550,pi,934034,943500,"13",943500,943500,
111617_09,F,19.4,N,3,712694,954550,bk,947750,953904,"4",953904,953904,
111717_02,M,21.9,N,0,1598,38692,,8330,37706,"12, 8, 6, 29, 57, 5, 3, 15, 74, 2, 9, 97, 45, 5",8330,37706,
111717_02,M,21.9,N,1,47878,116858,14,57052,77588,"be",77588,77588,
111717_02,M,21.9,N,1,47878,116858,57,77826,82144,"pu",82144,82144,
111717_02,M,21.9,N,1,47878,116858,9,82212,86190,"br",85578,85578,
111717_02,M,21.9,N,1,47878,116858,22,86258,89896,"gy",89896,89896,
111717_02,M,21.9,N,1,47878,116858,33,89930,93602,"o",93602,93602,
111717_02,M,21.9,N,1,47878,116858,62,93670,97478,"y",97478,97478,
111717_02,M,21.9,N,1,47878,116858,59,97546,101048,"w",101048,101048,
111717_02,M,21.9,N,1,47878,116858,13,101082,104244,"pi",104244,104244,
111717_02,M,21.9,N,1,47878,116858,23,104278,108324,"gn",108324,108324,
111717_02,M,21.9,N,1,47878,116858,4,108392,112098,"bk",112098,112098,
111717_02,M,21.9,N,1,47878,116858,41,112166,115396,"r",115396,115396,
111717_02,M,21.9,N,2,129076,520030,gy,131886,155754,"54, 22, 41",149634,155754,
111717_02,M,21.9,N,2,129076,520030,be,156910,222700,"5, 6, 25, 35, 14, 50, 16, 12, 56",201450,222700,
111717_02,M,21.9,N,2,129076,520030,o,223550,257176,"33, 64, 27, 42",249016,257176,
111717_02,M,21.9,N,2,129076,520030,pi,257720,285804,"53, 31, 13, 45",277066,285804,
111717_02,M,21.9,N,2,129076,520030,w,287062,299574,"59",298146,299574,
111717_02,M,21.9,N,2,129076,520030,br,299778,340714,"40, 48, 11, 55, 52, 9",328780,340714,
111717_02,M,21.9,N,2,129076,520030,r,341196,381208,"46, 41, 60, 59",373592,381208,
111717_02,M,21.9,N,2,129076,520030,y,381786,405076,"62, 20, 17",398616,405076,
111717_02,M,21.9,N,2,129076,520030,bk,407762,420988,"4",419356,420988,
111717_02,M,21.9,N,2,129076,520030,pu,422484,471988,"34, 61, 43, 28, 30, 38",461924,471988,
111717_02,M,21.9,N,2,129076,520030,gn,472674,516086,"47, 18, 63, 23, 51, 2, 21, 23, 24",499358,516086,
111717_02,M,21.9,N,3,530060,706384,be,530814,555934,"16",555934,555934,
111717_02,M,21.9,N,3,530060,706384,gy,557906,573988,"54",573988,573988,
111717_02,M,21.9,N,3,530060,706384,gn,577388,590954,"23",590954,590954,
111717_02,M,21.9,N,3,530060,706384,w,592246,599590,"59",599590,599590,
111717_02,M,21.9,N,3,530060,706384,o,602786,614788,"33",614788,614788,
111717_02,M,21.9,N,3,530060,706384,r,616488,635188,"41",635188,635188,
111717_02,M,21.9,N,3,530060,706384,br,637262,655588,"48",655588,655588,
111717_02,M,21.9,N,3,530060,706384,pu,658070,668202,"57",668202,668202,
111717_02,M,21.9,N,3,530060,706384,pi,670174,679966,"13",679966,679966,
111717_02,M,21.9,N,3,530060,706384,bk,681292,692444,"4",692444,692444,
111717_02,M,21.9,N,3,530060,706384,y,693328,705602,"62",705602,705602,
111617_03,M,20.6,N,1,11016,64796,4,16340,21896,"bk",21896,21896,
111617_03,M,20.6,N,1,11016,64796,22,21964,26350,"gy",26350,26350,
111617_03,M,20.6,N,1,11016,64796,13,26418,30362,"pi",30362,30362,
111617_03,M,20.6,N,1,11016,64796,57,30430,34884,"pu",34884,34884,
111617_03,M,20.6,N,1,11016,64796,62,34952,38590,"y",38590,38590,
111617_03,M,20.6,N,1,11016,64796,14,38658,42670,"be",42670,42670,
111617_03,M,20.6,N,1,11016,64796,33,43370,47328,"o",47328,47328,
111617_03,M,20.6,N,1,11016,64796,23,47396,51374,"gn",51374,51374,
111617_03,M,20.6,N,1,11016,64796,41,51442,55386,"r",55386,55386,
111617_03,M,20.6,N,1,11016,64796,59,55454,58378,"w",58378,58378,
111617_03,M,20.6,N,1,11016,64796,9,58446,61030,"br",61030,61030,
111617_03,M,20.6,N,2,64872,446420,gn,66150,100232,"23, 21, 18, 63, 32, 2, 24, 47, 51",75132,100232,
111617_03,M,20.6,N,2,64872,446420,bk,113872,125868,"4",119802,125868,
111617_03,M,20.6,N,2,64872,446420,y,129662,145894,"62, 20, 17",134578,145894,
111617_03,M,20.6,N,2,64872,446420,w,152286,161024,"59",157542,161024,
111617_03,M,20.6,N,2,64872,446420,o,163186,195126,"64, 27, 33, 10, 42, 29",169864,195126,
111617_03,M,20.6,N,2,64872,446420,be,209140,243440,"14, 16, 7, 56, 50, 44, 6, 25, 39, 5, 35, 37, 12",216444,243440,
111617_03,M,20.6,N,2,64872,446420,br,268382,298486,"48, 9, 15, 40, 55",274210,298486,
111617_03,M,20.6,N,2,64872,446420,pi,310236,338368,"45, 13, 26, 53, 31, 36, 1",316050,338368,
111617_03,M,20.6,N,2,64872,446420,pu,350696,387532,"61, 28, 34, 43, 57, 38",356238,387532,
111617_03,M,20.6,N,2,64872,446420,gy,395358,411298,"22, 49, 54",400418,411298,
111617_03,M,20.6,N,2,64872,446420,r,415860,443054,"58, 46, 41, 60, 8, 42",420308,443054,
111617_03,M,20.6,N,3,447324,614040,o,451900,470254,"33",470254,470254,
111617_03,M,20.6,N,3,447324,614040,be,473266,486982,"14",486982,486982,
111617_03,M,20.6,N,3,447324,614040,w,488940,496162,"59",496162,496162,
111617_03,M,20.6,N,3,447324,614040,br,498916,515576,"48",515576,515576,
111617_03,M,20.6,N,3,447324,614040,pu,518078,531590,"57",531590,531590,
111617_03,M,20.6,N,3,447324,614040,gn,532936,542946,"23",542946,542946,
111617_03,M,20.6,N,3,447324,614040,bk,545584,554948,"4",554948,554948,
111617_03,M,20.6,N,3,447324,614040,pi,558280,572152,"53",572152,572152,
111617_03,M,20.6,N,3,447324,614040,gy,573172,586330,"54",586330,586330,
111617_03,M,20.6,N,3,447324,614040,y,588866,597448,"62",597448,597448,
111617_03,M,20.6,N,3,447324,614040,r,597550,613326,"41",613326,613326,
060817_10,F,4.7,N,1,9418,104108,41,10798,22270,"",22270,22270,
060817_10,F,4.7,N,1,9418,104108,4,22338,30532,"",30532,30532,
060817_10,F,4.7,N,1,9418,104108,33,30600,38318,"o",38318,38318,
060817_10,F,4.7,N,1,9418,104108,23,38386,47328,"",47328,47328,
060817_10,F,4.7,N,1,9418,104108,62,47396,55318,"y",55318,55318,
060817_10,F,4.7,N,1,9418,104108,22,55386,61574,"be",61574,61574,
060817_10,F,4.7,N,1,9418,104108,59,61642,67490,"w",67490,67490,
060817_10,F,4.7,N,1,9418,104108,57,67558,73780,"pu",73780,73780,
060817_10,F,4.7,N,1,9418,104108,14,73848,81736,"dark blue",81736,81736,
060817_10,F,4.7,N,1,9418,104108,9,81804,94962,"br",94962,94962,
060817_10,F,4.7,N,1,9418,104108,13,95030,101422,"pi",101422,101422,
060817_10,F,4.7,N,2,219096,714952,gn,222394,258672,"23, 21, 63",251464,258672,
060817_10,F,4.7,N,2,219096,714952,o,291448,323000,"64, 33",316472,323000,
060817_10,F,4.7,N,2,219096,714952,gy,323068,337450,"54",335056,337450,
060817_10,F,4.7,N,2,219096,714952,w,337518,350098,"59",347194,350098,
060817_10,F,4.7,N,2,219096,714952,y,369682,402764,"17, 62, 20",396814,402764,
060817_10,F,4.7,N,2,219096,714952,bk,438872,457028,"4",453648,457028,
060817_10,F,4.7,N,2,219096,714952,r,510986,538526,"58, 46, 60",529672,538526,
060817_10,F,4.7,N,2,219096,714952,pi,545632,577626,"13, 53",573192,577626,
060817_10,F,4.7,N,2,219096,714952,be,580584,619752,"56, 50, 14, 5, 25",608906,619752,
060817_10,F,4.7,N,2,219096,714952,br,627266,671364,"9, 38, 40, 15",661538,671364,
060817_10,F,4.7,N,2,219096,714952,pu,684284,713660,"7, 38, 57",707710,713660,
052517_01,f,4.3,n,1,35870,96118,9,40936,45763,"br",40936,40936,
052517_01,f,4.3,n,1,35870,96118,62,45764,51441,"y",45764,45764,
052517_01,f,4.3,n,1,35870,96118,57,51442,56881,"bk",51442,51442,
052517_01,f,4.3,n,1,35870,96118,14,56882,62899,"be",56882,56882,
052517_01,f,4.3,n,1,35870,96118,41,62900,66775,"r",62900,62900,
052517_01,f,4.3,n,1,35870,96118,59,66776,72759,"w",66776,66776,
052517_01,f,4.3,n,1,35870,96118,4,72760,77315,"bk",72760,72760,
052517_01,f,4.3,n,1,35870,96118,22,77316,81123,"gy",77316,77316,
052517_01,f,4.3,n,1,35870,96118,23,81124,85611,"gn",81124,81124,
052517_01,f,4.3,n,1,35870,96118,33,85612,90235,"o",85612,85612,
052517_01,f,4.3,n,1,35870,96118,13,90236,95370,"pi",90236,90236,
052517_01,f,4.3,n,2,129166,651617,pi,132056,154088,"13",150756,154088,
052517_01,f,4.3,n,2,129166,651617,gy,169486,191896,"49",189152,191896,
052517_01,f,4.3,n,2,129166,651617,br,208270,226508,"15",226508,226508,
052517_01,f,4.3,n,2,129166,651617,y,242076,259862,"62",259862,259862,
052517_01,f,4.3,n,2,129166,651617,w,296796,315826,"59",315826,315826,
052517_01,f,4.3,n,2,129166,651617,be,349914,368084,"5",368084,368084,
052517_01,f,4.3,n,2,129166,651617,bk,402376,418234,"4",418234,418234,
052517_01,f,4.3,n,2,129166,651617,r,449660,468384,"58",468384,468384,
052517_01,f,4.3,n,2,129166,651617,pu,497590,512822,"57",512822,512822,
052517_01,f,4.3,n,2,129166,651617,o,543258,560660,"64",560660,560660,
052517_01,f,4.3,n,2,129166,651617,gn,582586,619548,"23,21,6",619548,619548,
062117_02,F,3.3,N,1,85204,171870,14,88828,94622,"be",94622,94622,
062117_02,F,3.3,N,1,85204,171870,41,94690,98600,"r",98600,98600,
062117_02,F,3.3,N,1,85204,171870,59,98668,102170,"w",102170,102170,
062117_02,F,3.3,N,1,85204,171870,23,102238,106556,"gn",106556,106556,
062117_02,F,3.3,N,1,85204,171870,22,106624,133654,"gy",115090,115090,
062117_02,F,3.3,N,1,85204,171870,9,134402,141882,"r",141882,141882,
062117_02,F,3.3,N,1,85204,171870,13,141950,147288,"pi",147288,147288,
062117_02,F,3.3,N,1,85204,171870,57,147356,151810,"pu",151810,151810,
062117_02,F,3.3,N,1,85204,171870,62,151878,156196,"y",156196,156196,
062117_02,F,3.3,N,1,85204,171870,33,156264,159698,"o",159698,159698,
062117_02,F,3.3,N,1,85204,171870,4,159766,171122,"bk",171122,171122,
062117_02,F,3.3,N,2,210154,1062811,pu,212568,304816,"61, 39, 34, 30, 28, 26, 37, 57, 7,",226440,274346,
062117_02,F,3.3,N,2,210154,1062811,w,351458,394876,"59, 49",370498,384200,
062117_02,F,3.3,N,2,210154,1062811,y,433544,494462,"17, 62, 24, 20",438192,481032,
062117_02,F,3.3,N,2,210154,1062811,br,529128,644406,"55, 52, 9, 36, 15, 48, 29, 1, 38",536418,611694,
062117_02,F,3.3,N,2,210154,1062811,gn,663476,763232,"21, 23, 18, 19, 63, 32, 24, 51, 47, 2,",670996,732462,
062117_02,F,3.3,N,2,210154,1062811,bk,776238,843336,"6, 4",821508,830722,
062117_02,F,3.3,N,2,210154,1062811,r,918054,977212,"46, 60, 58, 41, 42, 45",927860,958936,
062117_02,F,3.3,N,2,210154,1062811,be,978554,1061140,"56, 12, 5, 35, 50, 25, 16, 39, 14, 37, 6",984252,1044276,
111617_10,F,19.8,N,0,2134,49844,,13804,49844,"12, 8, 6, 29, 57, 5, 3, 15, 74, 2, 9, 97, 45, 5",15164,49844,
111617_10,F,19.8,N,1,68666,124406,57,74766,78914,"pu",78914,78914,
111617_10,F,19.8,N,1,68666,124406,9,78982,82790,"br",82790,82790,
111617_10,F,19.8,N,1,68666,124406,41,82858,86836,"r",86836,86836,
111617_10,F,19.8,N,1,68666,124406,14,86904,93296,"be",93296,93296,
111617_10,F,19.8,N,1,68666,124406,22,93364,97342,"gy",97342,97342,
111617_10,F,19.8,N,1,68666,124406,59,97410,102102,"w",102102,102102,
111617_10,F,19.8,N,1,68666,124406,62,102238,106386,"y",106386,106386,
111617_10,F,19.8,N,1,68666,124406,23,106454,110874,"gn",110874,110874,
111617_10,F,19.8,N,1,68666,124406,33,110942,115770,"o",115770,115770,
111617_10,F,19.8,N,1,68666,124406,13,115838,119680,"pi",119680,119680,
111617_10,F,19.8,N,1,68666,124406,4,119748,123522,"bk",123522,123522,
111617_10,F,19.8,N,2,124528,705330,br,140522,194310,"9, 40, 48, 11, 52, 55, 15",150490,194310,
111617_10,F,19.8,N,2,124528,705330,pu,211072,287164,"43, 39, 30, 26, 34, 38, 61, 57",271816,287164,
111617_10,F,19.8,N,2,124528,705330,o,287912,344386,"33, 64, 27, 1, 36, 10, 3, 42",294752,344386,
111617_10,F,19.8,N,2,124528,705330,bk,361930,374374,"4",369784,374374,
111617_10,F,19.8,N,2,124528,705330,r,376876,421294,"41, 46, 60, 58, 42, 8",383594,421294,
111617_10,F,19.8,N,2,124528,705330,gn,435812,490348,"23, 63, 18, 21, 2, 32, 47, 24, 51",440578,490348,
111617_10,F,19.8,N,2,124528,705330,w,505308,514012,"59",509700,514012,
111617_10,F,19.8,N,2,124528,705330,y,515256,542674,"17, 62, 20",521934,542674,
111617_10,F,19.8,N,2,124528,705330,be,546536,613156,"50, 44, 16, 25, 14, 5, 37, 35, 12, 6, 56, 7",553234,613156,
111617_10,F,19.8,N,2,124528,705330,pi,634576,667760,"28, 13, 53, 45, 31, 26",642484,667760,
111617_10,F,19.8,N,2,124528,705330,gy,675158,697306,"49, 54, 22",683556,697306,
111617_10,F,19.8,N,3,708322,884918,pi,708764,731544,"53",731544,731544,
111617_10,F,19.8,N,3,708322,884918,gn,732074,744668,"21",744668,744668,
111617_10,F,19.8,N,3,708322,884918,pu,745926,768502,"61",768502,768502,
111617_10,F,19.8,N,3,708322,884918,br,771800,783700,"48",783700,783700,
111617_10,F,19.8,N,3,708322,884918,gy,785638,799306,"54",799306,799306,
111617_10,F,19.8,N,3,708322,884918,r,801482,819162,"41",819162,819162,
111617_10,F,19.8,N,3,708322,884918,w,821372,827560,"59",827560,827560,
111617_10,F,19.8,N,3,708322,884918,o,829294,836604,"33",836604,836604,
111617_10,F,19.8,N,3,708322,884918,bk,839630,849116,"4",849116,849116,
111617_10,F,19.8,N,3,708322,884918,y,850612,866592,"62",861424,866592,
111617_10,F,19.8,N,3,708322,884918,be,869618,883184,"16",883184,883184,
062117_06,M,5.0,n,1,42058,102088,41,47144,52767,"r",51680,51680,
062117_06,M,5.0,n,1,42058,102088,23,52768,57357,"gn",55862,55862,
062117_06,M,5.0,n,1,42058,102088,22,57358,61947,"silver",60724,60724,
062117_06,M,5.0,n,1,42058,102088,14,61948,66537,"be",65280,65280,
062117_06,M,5.0,n,1,42058,102088,59,66538,71127,"w",69598,69598,
062117_06,M,5.0,n,1,42058,102088,57,71128,77281,"bk",75004,75004,
062117_06,M,5.0,n,1,42058,102088,13,77282,81939,"pi",80648,80648,
062117_06,M,5.0,n,1,42058,102088,4,81940,86631,"bk",84728,84728,
062117_06,M,5.0,n,1,42058,102088,9,86632,89827,"br",88808,88808,
062117_06,M,5.0,n,1,42058,102088,33,89828,94077,"o",92140,92140,
062117_06,M,5.0,n,1,42058,102088,62,94078,98906,"y",97172,97172,
062117_06,M,5.0,n,2,208868,1074540,gy,212656,233172,"49",223856,223856,
062117_06,M,5.0,n,2,208868,1074540,gy,212656,233172,"22",224746,226916,
062117_06,M,5.0,n,2,208868,1074540,gn,244698,295154,"2,23,63,32,21,18",272238,280228,
062117_06,M,5.0,n,2,208868,1074540,gn,244698,295154,"51,24",288524,294780,
062117_06,M,5.0,n,2,208868,1074540,pi,335842,370736,"13",343896,345644,
062117_06,M,5.0,n,2,208868,1074540,pi,335842,370736,"26",346616,349656,
062117_06,M,5.0,n,2,208868,1074540,pi,335842,370736,"53",351288,353328,
062117_06,M,5.0,n,2,208868,1074540,pi,335842,370736,"31",353348,355300,
062117_06,M,5.0,n,2,208868,1074540,pi,335842,370736,"45",357462,360196,
062117_06,M,5.0,n,2,208868,1074540,r,476360,561986,"8,43,42,58,60,46,41",536404,561986,
062117_06,M,5.0,n,2,208868,1074540,be,592994,658308,"26",602602,603806,
062117_06,M,5.0,n,2,208868,1074540,be,592994,658308,"56",605880,607410,
062117_06,M,5.0,n,2,208868,1074540,be,592994,658308,"50",609144,610164,
062117_06,M,5.0,n,2,208868,1074540,be,592994,658308,"16",612034,612918,
062117_06,M,5.0,n,2,208868,1074540,be,592994,658308,"35",617814,618834,
062117_06,M,5.0,n,2,208868,1074540,be,592994,658308,"44",621996,623730,
062117_06,M,5.0,n,2,208868,1074540,be,592994,658308,"28,5",625212,626484,
062117_06,M,5.0,n,2,208868,1074540,be,592994,658308,"25",630142,631108,
062117_06,M,5.0,n,2,208868,1074540,be,592994,658308,"12",634780,636650,
062117_06,M,5.0,n,2,208868,1074540,be,592994,658308,"7",639832,640730,
062117_06,M,5.0,n,2,208868,1074540,be,592994,658308,"39,47,37",647564,655044,
062117_06,M,5.0,n,2,208868,1074540,w,709688,723316,"59",719324,720426,
062117_06,M,5.0,n,2,208868,1074540,br,733182,765068,"52",745164,747184,
062117_06,M,5.0,n,2,208868,1074540,br,733182,765068,"9",747850,749224,
062117_06,M,5.0,n,2,208868,1074540,br,733182,765068,"40",750584,751536,
062117_06,M,5.0,n,2,208868,1074540,br,733182,765068,"11",753542,755208,
062117_06,M,5.0,n,2,208868,1074540,br,733182,765068,"29",757010,758336,
062117_06,M,5.0,n,2,208868,1074540,br,733182,765068,"15",761042,762654,
062117_06,M,5.0,n,2,208868,1074540,bk,789718,804168,"4",789718,789718,
062117_06,M,5.0,n,2,208868,1074540,y,822514,845410,"62",834870,835788,
062117_06,M,5.0,n,2,208868,1074540,y,822514,845410,"17",836284,837794,
062117_06,M,5.0,n,2,208868,1074540,pu,873534,939658,"28",885278,886754,
062117_06,M,5.0,n,2,208868,1074540,pu,873534,939658,"61",887250,889236,
062117_06,M,5.0,n,2,208868,1074540,pu,873534,939658,"34",890412,891888,
062117_06,M,5.0,n,2,208868,1074540,pu,873534,939658,"30",895682,896716,
062117_06,M,5.0,n,2,208868,1074540,pu,873534,939658,"28",907752,908786,
062117_06,M,5.0,n,2,208868,1074540,pu,873534,939658,"57",918938,920686,
062117_06,M,5.0,n,2,208868,1074540,o,964308,993888,"27",970414,972298,
062117_06,M,5.0,n,2,208868,1074540,o,964308,993888,"33,64",978860,980560,
062117_06,M,5.0,n,2,208868,1074540,o,964308,993888,"42,10",983538,987496,
062117_06,M,5.0,n,2,208868,1074540,o,964308,993888,"29",987720,989332,
060817_07,F,5.2,N,1,17442,81396,23,24840,29886,"gn",29886,29886,
060817_07,F,5.2,N,1,17442,81396,22,29988,35836,"bk",35836,35836,
060817_07,F,5.2,N,1,17442,81396,9,35904,41140,"o",41140,41140,
060817_07,F,5.2,N,1,17442,81396,41,41208,45866,"r",45866,45866,
060817_07,F,5.2,N,1,17442,81396,33,45934,51000,"o",51000,51000,
060817_07,F,5.2,N,1,17442,81396,62,51068,55420,"y",55420,55420,
060817_07,F,5.2,N,1,17442,81396,13,55488,59058,"pi",59058,59058,
060817_07,F,5.2,N,1,17442,81396,14,59126,63308,"be",63308,63308,
060817_07,F,5.2,N,1,17442,81396,59,63376,68340,"w",68340,68340,
060817_07,F,5.2,N,1,17442,81396,4,68408,74256,"bk",74256,74256,
060817_07,F,5.2,N,1,17442,81396,57,74324,78778,"pu",78778,78778,
022317_05,f,2.9,y,1,43928,98872,w,49674,52700,"bk",52700,52700,
022317_05,f,2.9,y,1,43928,98872,gn,54570,56270,"gn",56270,56270,
022317_05,f,2.9,y,1,43928,98872,o,57358,58854,"o",58854,58854,
022317_05,f,2.9,y,1,43928,98872,gy,60622,63954,"gy",63954,63954,
022317_05,f,2.9,y,1,43928,98872,br,66028,67728,"br",67728,67728,
022317_05,f,2.9,y,1,43928,98872,y,70550,72420,"y",72420,72420,
022317_05,f,2.9,y,1,43928,98872,bk,74800,75956,"bk",75956,75956,
022317_05,f,2.9,y,1,43928,98872,r,78064,79152,"r",79152,79152,
022317_05,f,2.9,y,1,43928,98872,pi,80512,82552,"pi",82552,82552,
022317_05,f,2.9,y,1,43928,98872,be,83470,87822,"pu",85238,85238,
022317_05,f,2.9,y,1,43928,98872,be,83470,87822,"be",87822,87822,
022317_05,f,2.9,y,1,43928,98872,pu,89012,91018,"pu",91018,91018,
022317_05,f,2.9,y,2,183362,1200666,o,183396,222496,"27,33,64,1",215016,222222,
022317_05,f,2.9,y,2,183362,1200666,gy,241298,266458,"59,49,54",263228,266458,
022317_05,f,2.9,y,2,183362,1200666,br,294098,353284,"15,40,9,48,30,11,8",342652,353284,
022317_05,f,2.9,y,2,183362,1200666,r,395862,481542,"31,41,43,53,6,45,58,48,60,42,46,13",459170,481542,
022317_05,f,2.9,y,2,183362,1200666,be,535160,621452,"39,5,16,14,50,44,56,35,37,25,7,30",587520,621452,
022317_05,f,2.9,y,2,183362,1200666,y,643382,672656,"17,62,24",666298,672404,
022317_05,f,2.9,y,2,183362,1200666,gn,710955,808758,"55,43,63,24,51,47,54,32,22,18,23,21",787236,808758,
022317_05,f,2.9,y,2,183362,1200666,pi,848912,911778,"28,53,13,34,26,38",896104,911778,
022317_05,f,2.9,y,2,183362,1200666,pu,945744,1006028,"25,61,39,16",999498,1006028,
022317_05,f,2.9,y,2,183362,1200666,bk,1027820,1144372,"15,12,26,17,20,40,2,38,53,6,35,47,25,57,4,5",1115438,1144372,
062117_01,F,3.6,N,1,45186,105366,33,49368,55046,"o",55046,55046,
062117_01,F,3.6,N,1,45186,105366,14,55114,60214,"be",60214,60214,
062117_01,F,3.6,N,1,45186,105366,13,60282,65348,"pi",65348,65348,
062117_01,F,3.6,N,1,45186,105366,4,65416,71706,"bk",71706,71706,
062117_01,F,3.6,N,1,45186,105366,41,71774,75888,"r",75888,75888,
062117_01,F,3.6,N,1,45186,105366,22,75956,80954,"br",80954,80954,
062117_01,F,3.6,N,1,45186,105366,57,81022,85816,"pu",85816,85816,
062117_01,F,3.6,N,1,45186,105366,9,85884,90882,"br",90882,90882,
062117_01,F,3.6,N,1,45186,105366,23,90950,94214,"gn",94214,94214,
062117_01,F,3.6,N,1,45186,105366,59,94282,97580,"w",97580,97580,
062117_01,F,3.6,N,1,45186,105366,62,97648,104618,"y",104618,104618,
062117_01,F,3.6,N,2,174032,1435242,w,178058,202300,"59",200328,202300,
062117_01,F,3.6,N,2,174032,1435242,gn,205938,294746,"24, 51, 32, 18, 21, 23, 47, 53, 44, 2",273904,294746,
062117_01,F,3.6,N,2,174032,1435242,gy,297889,438838,"15, 4, 52, 38, 9, 3, 55, 8",421362,438838,
062117_01,F,3.6,N,2,174032,1435242,pi,503404,665686,"55, 43, 36, 7, 38, 34, 1, 13, 28, 39, 57, 26, 45, 61, 37, 31, 30, 53",623696,665686,
062117_01,F,3.6,N,2,174032,1435242,o,702780,814266,"36, 40, 48, 46, 52, 55, 33, 27, 31, 1, 64",790194,814266,
062117_01,F,3.6,N,2,174032,1435242,pu,830042,942004,"28, 42, 58, 30, 8, 53, 39, 31, 25, 26, 59, 35",916408,942004,
062117_01,F,3.6,N,2,174032,1435242,r,956726,1034416,"58, 41, 46, 42, 8, 29, 3",963696,1019014,
062117_01,F,3.6,N,2,174032,1435242,br,1038972,1167224,"15, 48, 52, 38, 9, 57, 25, 5, 14, 6, 37, 35, 56, 16, 12",1048900,1128188,
062117_01,F,3.6,N,2,174032,1435242,y,1171776,1259258,"62, 20, 17, 24, 1, 36, 51, 2, 4",1177624,1228930,
062117_01,F,3.6,N,2,174032,1435242,be,1261910,1335792,"50, 22, 16, 14, 24, 44, 56, 12, 37, 6, 5, 35, 25, 7",1268302,1335792,
062117_01,F,3.6,N,2,174032,1435242,bk,1376932,1434120,"48, 4, 9, 40, 11, 18, 36, 52, 55, 1",1391286,1433202,
062117_03,m,4.1,n,1,53890,114484,13,58452,70787,"nr",69768,69768,
062117_03,m,4.1,n,1,53890,114484,4,70788,75377,"bk",73542,73542,
062117_03,m,4.1,n,1,53890,114484,59,75378,78675,"w",78608,78608,
062117_03,m,4.1,n,1,53890,114484,57,78676,83333,"pu",81464,81464,
062117_03,m,4.1,n,1,53890,114484,23,83334,86665,"gn",86564,86564,
062117_03,m,4.1,n,1,53890,114484,33,86666,93329,"o",90032,90032,
062117_03,m,4.1,n,1,53890,114484,41,93330,97205,"r",96050,96050,
062117_03,m,4.1,n,1,53890,114484,62,97206,101047,"y",100504,100504,
062117_03,m,4.1,n,1,53890,114484,22,101048,104753,"gy",103258,103258,
062117_03,m,4.1,n,1,53890,114484,14,104754,108697,"be",107338,107338,
062117_03,m,4.1,n,1,53890,114484,9,108698,113084,"br",110738,110738,
062117_03,m,4.1,n,2,191868,1026015,o,195642,228242,"64,33",224202,228242,
062117_03,m,4.1,n,2,191868,1026015,w,250090,262888,"59",262888,262888,
062117_03,m,4.1,n,2,191868,1026015,gn,265560,325074,"63,32,18,23,44,21",311460,325074,
062117_03,m,4.1,n,2,191868,1026015,br,348418,374714,"9,40",370028,374714,
062117_03,m,4.1,n,2,191868,1026015,r,382880,426496,"41",395304,398752,
062117_03,m,4.1,n,2,191868,1026015,r,382880,426496,"58",400064,402832,
062117_03,m,4.1,n,2,191868,1026015,r,382880,426496,"42",411352,412794,
062117_03,m,4.1,n,2,191868,1026015,r,382880,426496,"60",412984,415038,
062117_03,m,4.1,n,2,191868,1026015,r,382880,426496,"46",420206,422042,
062117_03,m,4.1,n,2,191868,1026015,pu,458802,493884,"30",469084,470424,
062117_03,m,4.1,n,2,191868,1026015,pu,458802,493884,"28",473300,475286,
062117_03,m,4.1,n,2,191868,1026015,pu,458802,493884,"43",478740,481474,
062117_03,m,4.1,n,2,191868,1026015,pu,458802,493884,"15",485098,486744,
062117_03,m,4.1,n,2,191868,1026015,bk,540022,561102,"4",558810,560728,
062117_03,m,4.1,n,2,191868,1026015,y,564468,628422,"20,51,62,24,17",616766,628422,
062117_03,m,4.1,n,2,191868,1026015,pi,636194,681394,"31",649080,650692,
062117_03,m,4.1,n,2,191868,1026015,pi,636194,681394,"13",652446,654228,
062117_03,m,4.1,n,2,191868,1026015,pi,636194,681394,"53",656050,658274,
062117_03,m,4.1,n,2,191868,1026015,pi,636194,681394,"45",663006,665380,
062117_03,m,4.1,n,2,191868,1026015,pi,636194,681394,"30",672962,673982,
062117_03,m,4.1,n,2,191868,1026015,pi,636194,681394,"26",674022,675716,
062117_03,m,4.1,n,2,191868,1026015,be,717814,820046,"39",727940,730150,
062117_03,m,4.1,n,2,191868,1026015,be,717814,820046,"37",730612,732360,
062117_03,m,4.1,n,2,191868,1026015,be,717814,820046,"45",736780,738456,
062117_03,m,4.1,n,2,191868,1026015,be,717814,820046,"44",738466,739908,
062117_03,m,4.1,n,2,191868,1026015,be,717814,820046,"5, 35",742688,745552,
062117_03,m,4.1,n,2,191868,1026015,be,717814,820046,"16",753678,755582,
062117_03,m,4.1,n,2,191868,1026015,be,717814,820046,"14",762640,763776,
062117_03,m,4.1,n,2,191868,1026015,be,717814,820046,"50",766958,768332,
062117_03,m,4.1,n,2,191868,1026015,be,717814,820046,"56",769440,770236,
062117_03,m,4.1,n,2,191868,1026015,be,717814,820046,"7",776716,778498,
062117_03,m,4.1,n,2,191868,1026015,be,717814,820046,"25",783278,785502,
062117_03,m,4.1,n,2,191868,1026015,be,717814,820046,"6",792852,794648,
062117_03,m,4.1,n,2,191868,1026015,be,717814,820046,"12",799632,800836,
062117_03,m,4.1,n,2,191868,1026015,be,717814,820046,"47",812770,814028,
062117_03,m,4.1,n,2,191868,1026015,gy,861696,920754,"55",870746,873426,
062117_03,m,4.1,n,2,191868,1026015,gy,861696,920754,"42",874262,875568,
062117_03,m,4.1,n,2,191868,1026015,gy,861696,920754,"29",876030,877540,
062117_03,m,4.1,n,2,191868,1026015,gy,861696,920754,"1",890208,891752,
062117_03,m,4.1,n,2,191868,1026015,gy,861696,920754,"38",892146,894064,
062117_03,m,4.1,n,2,191868,1026015,gy,861696,920754,"15",895750,896988,
062117_03,m,4.1,n,2,191868,1026015,gy,861696,920754,"3,9",903352,905488,
062117_03,m,4.1,n,2,191868,1026015,gy,861696,920754,"40",909180,911064,
062117_03,m,4.1,n,2,191868,1026015,gy,861696,920754,"52",914532,915994,
061917_02,F,3.5,N,1,15334,74528,9,21304,26724,"br",26724,26724,
061917_02,F,3.5,N,1,15334,74528,23,26792,32096,"gn",32096,32096,
061917_02,F,3.5,N,1,15334,74528,4,32164,36482,"bk",36482,36482,
061917_02,F,3.5,N,1,15334,74528,62,36550,41242,"y",41242,41242,
061917_02,F,3.5,N,1,15334,74528,41,41310,45288,"r",45288,45288,
061917_02,F,3.5,N,1,15334,74528,59,45356,50286,"59",50286,50286,
061917_02,F,3.5,N,1,15334,74528,13,50354,54876,"pi",54876,54876,
061917_02,F,3.5,N,1,15334,74528,57,54944,58956,"pu",58956,58956,
061917_02,F,3.5,N,1,15334,74528,22,59024,63104,"gy",63104,63104,
061917_02,F,3.5,N,1,15334,74528,33,63172,67184,"o",67184,67184,
061917_02,F,3.5,N,1,15334,74528,14,67252,72080,"be",72080,72080,
061917_02,F,3.5,N,2,112982,1003816,gy,116878,166634,"54, 49, 22",161826,166634,
061917_02,F,3.5,N,2,112982,1003816,pu,204448,253368,"61, 39",240148,253368,
061917_02,F,3.5,N,2,112982,1003816,br,287830,323884,"9, 48, 55",317240,323884,
061917_02,F,3.5,N,2,112982,1003816,r,345480,387260,"46, 58, 60",378928,387260,
061917_02,F,3.5,N,2,112982,1003816,y,435302,487798,"51, 24, 17, 62",477292,487798,
061917_02,F,3.5,N,2,112982,1003816,w,516752,552228,"59",546550,552228,
061917_02,F,3.5,N,2,112982,1003816,gn,582449,685168,"62, 63, 24, 47, 21, 18, 19, 59, 51, 32, 44, 23, 2, 6",647978,685168,
061917_02,F,3.5,N,2,112982,1003816,bk,710634,754494,"4",752284,754494,
061917_02,F,3.5,N,2,112982,1003816,o,775972,819706,"29, 10, 3, 33, 27, 42",805698,819706,
061917_02,F,3.5,N,2,112982,1003816,pi,852284,917830,"8, 43, 45, 53, 13, 26, 31",897090,917830,
061917_02,F,3.5,N,2,112982,1003816,be,922882,1002898,"12, 25, 44, 16, 14, 50, 7, 56, 5, 37",979526,1002898,
061917_01,F,2.4,N,1,13844,130798,23,17700,23698,"y",23698,23698,
061917_01,F,2.4,N,1,13844,130798,57,23766,38828,"",37332,37332,
061917_01,F,2.4,N,1,13844,130798,4,38896,52428,"",51374,51374,
061917_01,F,2.4,N,1,13844,130798,33,52496,63716,"",62594,62594,
061917_01,F,2.4,N,1,13844,130798,14,63818,75038,"",75038,75038,
061917_01,F,2.4,N,1,13844,130798,22,75106,85612,"",85612,85612,
061917_01,F,2.4,N,1,13844,130798,9,85680,95132,"",95132,95132,
061917_01,F,2.4,N,1,13844,130798,41,95200,104210,"",104210,104210,
061917_01,F,2.4,N,1,13844,130798,13,104278,118150,"be",118150,118150,
061917_01,F,2.4,N,1,13844,130798,59,118218,123590,"w",123590,123590,
061917_01,F,2.4,N,1,13844,130798,62,123658,129795,"y",129795,129795,
061917_01,F,2.4,N,2,198798,1235050,be,205040,397664,"34, 64, 55, 19, 37, 40, 53, 12, 6, 63, 18, 24, 47, 33, 40",357428,397664,
061917_01,F,2.4,N,2,198798,1235050,o,410604,520200,"13, 16, 27, 12, 34, 35, 61, 47",464004,520200,
061917_01,F,2.4,N,2,198798,1235050,gy,577108,697000,"57, 14, 20, 50, 13, 47, 3, 39, 61, 21",669004,697000,
061917_01,F,2.4,N,2,198798,1235050,pu,703344,806602,"37, 51, 42, 6, 26, 46, 30. 4, 5, 45, 10, 15",772595,806602,
061917_01,F,2.4,N,2,198798,1235050,w,820630,879898,"27, 56, 43, 31, 53, 11, 41",863906,879898,
061917_01,F,2.4,N,2,198798,1235050,pi,893016,949926,"24, 3, 48, 28, 10, 30, 25",936326,949926,
061917_01,F,2.4,N,2,198798,1235050,bk,976010,1011160,"51, 50, 39, 22",1004020,1011160,
061917_01,F,2.4,N,2,198798,1235050,r,1032070,1105578,"42, 17, 64, 59, 3, 1, 62, 20",1088102,1105578,
061917_01,F,2.4,N,2,198798,1235050,y,1121714,1151376,"32, 20",1148030,1151376,
061917_01,F,2.4,N,2,198798,1235050,gn,1159284,1201560,"60, 25, 55, 7, 12",1190612,1201560,
061917_01,F,2.4,N,2,198798,1235050,br,1201628,1234336,"13, 21",1230684,1234336,
062117_05,F,3.8,N,1,29444,115418,62,34238,40358,"y",40358,40358,
062117_05,F,3.8,N,1,29444,115418,33,40426,45866,"o",45866,45866,
062117_05,F,3.8,N,1,29444,115418,9,45934,53584,"gy",53584,53584,
062117_05,F,3.8,N,1,29444,115418,23,53652,58344,"gn",58344,58344,
062117_05,F,3.8,N,1,29444,115418,41,58412,67694,"r",67694,67694,
062117_05,F,3.8,N,1,29444,115418,13,67762,71944,"pi",71944,71944,
062117_05,F,3.8,N,1,29444,115418,14,72012,75378,"be",75378,75378,
062117_05,F,3.8,N,1,29444,115418,4,75446,80614,"grane",80614,80614,
062117_05,F,3.8,N,1,29444,115418,57,80682,85578,"bk",85578,85578,
062117_05,F,3.8,N,1,29444,115418,59,85646,88910,"w",88910,88910,
062117_05,F,3.8,N,1,29444,115418,22,88978,112812,"bk",112812,112812,
062117_05,F,3.8,N,2,208318,1611662,gn,211956,421974,"28, 24, 5, 51, 12, 23, 2, 18, 47, 21, 63",398632,421974,
062117_05,F,3.8,N,2,208318,1611662,r,475694,530502,"60, 42, 3, 8, 58, 41, 46, 43",484860,530502,
062117_05,F,3.8,N,2,208318,1611662,be,582624,676430,"14, 5, 35, 56, 50, 16, 7, 37, 39, 44, 6, 25, 2, 49, 48, 18, 31",592212,676430,
062117_05,F,3.8,N,2,208318,1611662,pu,726274,814844,"13, 26, 28, 53, 34, 37, 61, 5, 7, 35, 38, 57, 1, 29, 30",737344,814844,
062117_05,F,3.8,N,2,208318,1611662,pi,888623,986680,"45, 53, 13, 30, 29, 26, 34, 39, 61, 11, 36, 32, 9, 17, 37",896824,986680,
062117_05,F,3.8,N,2,208318,1611662,w,1054141,1098778,"22, 49, 59",1067062,1098778,
062117_05,F,3.8,N,2,208318,1611662,o,1107652,1218424,"58, 10, 64, 54, 8, 3, 11, 59, 35, 46, 16, 56, 37, 9, 50, 45, 20, 41, 33",1116118,1218424,
062117_05,F,3.8,N,2,208318,1611662,br,1319880,1401276,"2, 9, 18, 11, 43, 3, 51, 38, 1, 32, 63, 30, 52, 19, 8",1326666,1401276,
062117_05,F,3.8,N,2,208318,1611662,y,1469684,1509974,"62, 17, 51, 20, 24",1479652,1509974,
062117_05,F,3.8,N,2,208318,1611662,bk,1554846,1610580,"38, 4, 57, 35, 25, 16, 61, 58",1567944,1610580,
111617_05,F,19.7,N,1,4420,55250,9,9588,13396,"br",13396,13396,
111617_05,F,19.7,N,1,4420,55250,4,13464,20298,"bk",20298,20298,
111617_05,F,19.7,N,1,4420,55250,14,20366,24140,"be",24140,24140,
111617_05,F,19.7,N,1,4420,55250,41,24208,28390,"r",28390,28390,
111617_05,F,19.7,N,1,4420,55250,22,28424,33116,"gy",33116,33116,
111617_05,F,19.7,N,1,4420,55250,33,33184,37060,"o",37060,37060,
111617_05,F,19.7,N,1,4420,55250,23,37128,40732,"gn",40732,40732,
111617_05,F,19.7,N,1,4420,55250,13,40800,44642,"pi",44642,44642,
111617_05,F,19.7,N,1,4420,55250,62,44710,47974,"y",47974,47974,
111617_05,F,19.7,N,1,4420,55250,57,48042,51204,"pu",51204,51204,
111617_05,F,19.7,N,1,4420,55250,59,51272,54332,"w",54332,54332,
111617_05,F,19.7,N,2,57834,418948,y,62084,86258,"20, 17, 62",82096,86258,
111617_05,F,19.7,N,2,57834,418948,gn,91378,137122,"63, 21, 23, 24, 18, 2, 32",122400,137122,
111617_05,F,19.7,N,2,57834,418948,bk,138006,150722,"4",147240,150722,
111617_05,F,19.7,N,2,57834,418948,pi,152408,181288,"31, 45, 53, 13, 26",169952,181288,
111617_05,F,19.7,N,2,57834,418948,br,181390,227732,"9, 48, 11, 52, 15, 29, 40, 10",208542,227732,
111617_05,F,19.7,N,2,57834,418948,pu,228378,272680,"57, 28, 30, 61, 34, 43",258862,272680,
111617_05,F,19.7,N,2,57834,418948,o,273530,296038,"33, 27, 64",287762,296038,
111617_05,F,19.7,N,2,57834,418948,w,300288,307088,"59",304150,307088,
111617_05,F,19.7,N,2,57834,418948,be,310148,363460,"6, 35, 44, 5, 56, 14, 50, 16, 25",341414,363460,
111617_05,F,19.7,N,2,57834,418948,r,364548,387906,"41, 42, 46, 58, 60",379848,387906,
111617_05,F,19.7,N,2,57834,418948,gy,395386,416432,"49, 22, 54",410930,416432,
111617_05,F,19.7,N,3,421742,569398,r,422654,438736,"60",438736,438736,
111617_05,F,19.7,N,3,421742,569398,br,441864,460326,"9",460326,460326,
111617_05,F,19.7,N,3,421742,569398,pi,462944,471648,"13",471648,471648,
111617_05,F,19.7,N,3,421742,569398,pu,474878,495822,"57",495822,495822,
111617_05,F,19.7,N,3,421742,569398,y,498440,503574,"62",503574,503574,
111617_05,F,19.7,N,3,421742,569398,bk,505852,514794,"4",514794,514794,
111617_05,F,19.7,N,3,421742,569398,gn,522022,529108,"23",529108,529108,
111617_05,F,19.7,N,3,421742,569398,w,531420,535364,"59",535364,535364,
111617_05,F,19.7,N,3,421742,569398,be,538050,544102,"14",544102,544102,
111617_05,F,19.7,N,3,421742,569398,o,546414,558994,"64",558994,558994,
111617_05,F,19.7,N,3,421742,569398,gy,560204,568650,"22",568650,568650,
111617_04,F,18.7,N,1,36006,85612,41,40004,44472,"r",44472,44472,
111617_04,F,18.7,N,1,36006,85612,13,44506,48654,"pi",48654,48654,
111617_04,F,18.7,N,1,36006,85612,9,48688,52258,"br",52258,52258,
111617_04,F,18.7,N,1,36006,85612,59,52292,56610,"w",56610,56610,
111617_04,F,18.7,N,1,36006,85612,33,56678,60554,"o",60554,60554,
111617_04,F,18.7,N,1,36006,85612,14,60622,64940,"be",64940,64940,
111617_04,F,18.7,N,1,36006,85612,62,65008,69598,"y",69598,69598,
111617_04,F,18.7,N,1,36006,85612,4,69666,74256,"bk",74256,74256,
111617_04,F,18.7,N,1,36006,85612,57,74324,78030,"pu",78030,78030,
111617_04,F,18.7,N,1,36006,85612,22,78098,81736,"gy",81736,81736,
111617_04,F,18.7,N,1,36006,85612,23,81804,85034,"gn",85034,85034,
111617_04,F,18.7,N,2,86236,529108,bk,95370,112132,"4",105128,112132,
111617_04,F,18.7,N,2,86236,529108,o,114192,134028,"27, 33, 64",130560,134028,
111617_04,F,18.7,N,2,86236,529108,y,137938,160582,"20, 62, 17",155230,160582,
111617_04,F,18.7,N,2,86236,529108,gy,164954,185742,"54, 49, 22",182342,185742,
111617_04,F,18.7,N,2,86236,529108,gn,190162,218926,"21, 18, 23, 32, 63, 2, 47",210106,218926,
111617_04,F,18.7,N,2,86236,529108,pu,232458,290870,"39, 38, 57, 43, 1",285008,290870,
111617_04,F,18.7,N,2,86236,529108,br,298526,346732,"29, 40, 11, 55, 52, 9, 15, 48",336804,346732,
111617_04,F,18.7,N,2,86236,529108,w,361556,370896,"59",367764,370896,
111617_04,F,18.7,N,2,86236,529108,r,374646,408646,"41, 8, 58, 60, 46",402458,408646,
111617_04,F,18.7,N,2,86236,529108,be,417792,465426,"16, 35, 12, 56, 50, 7, 14, 6, 25, 5",452268,465426,
111617_04,F,18.7,N,2,86236,529108,pi,483854,524790,"34, 26, 13, 31, 53, 45, 28",516188,524790,
111617_02,F,20.8,N,1,35332,79084,62,39712,43282,"y",43282,43282,
111617_02,F,20.8,N,1,35332,79084,23,43350,47260,"gn",47260,47260,
111617_02,F,20.8,N,1,35332,79084,33,47328,50558,"o",50558,50558,
111617_02,F,20.8,N,1,35332,79084,4,50626,55046,"bk",55046,55046,
111617_02,F,20.8,N,1,35332,79084,13,55114,58548,"pi",58548,58548,
111617_02,F,20.8,N,1,35332,79084,22,58616,62050,"gy",62050,62050,
111617_02,F,20.8,N,1,35332,79084,14,62118,65790,"be",65790,65790,
111617_02,F,20.8,N,1,35332,79084,57,65858,69496,"pu",69496,69496,
111617_02,F,20.8,N,1,35332,79084,9,69564,72590,"br",72590,72590,
111617_02,F,20.8,N,1,35332,79084,41,72658,75446,"r",75446,75446,
111617_02,F,20.8,N,1,35332,79084,59,75514,78540,"w",78540,78540,
111617_02,F,20.8,N,2,79566,498712,pu,80750,121788,"57, 37, 39, 7, 61",115396,121788,
111617_02,F,20.8,N,2,79566,498712,gy,134300,153986,"49, 12, 54, 22",149362,153986,
111617_02,F,20.8,N,2,79566,498712,y,159460,173434,"17, 20, 62",169864,173434,
111617_02,F,20.8,N,2,79566,498712,be,178500,220932,"37, 7, 16, 14, 25, 5, 50",213826,220932,
111617_02,F,20.8,N,2,79566,498712,bk,237592,250750,"4",245820,246534,
111617_02,F,20.8,N,2,79566,498712,r,250784,282302,"46, 8, 58, 60, 41",277610,282302,
111617_02,F,20.8,N,2,79566,498712,w,292264,300322,"59",296854,297772,
111617_02,F,20.8,N,2,79566,498712,gn,301988,333846,"24, 51, 47, 2, 63, 23, 18, 21, 32",323782,333846,
111617_02,F,20.8,N,2,79566,498712,pi,354246,378624,"31, 26, 45, 13, 53, 30",372232,378624,
111617_02,F,20.8,N,2,79566,498712,br,389572,435914,"8, 10, 19, 36, 15, 55, 52, 3, 11, 29, 40, 9, 48",421056,435914,
111617_02,F,20.8,N,2,79566,498712,o,466888,493272,"42, 33, 27, 64",488818,493272,
111617_02,F,20.8,N,3,498950,616896,r,498984,510068,"41",510068,510068,
111617_02,F,20.8,N,3,498950,616896,w,511326,521016,"59",521016,521016,
111617_02,F,20.8,N,3,498950,616896,pi,522274,530706,"13",530706,530706,
111617_02,F,20.8,N,3,498950,616896,y,533052,541246,"62",541246,541246,
111617_02,F,20.8,N,3,498950,616896,gy,542538,550562,"22",550562,550562,
111617_02,F,20.8,N,3,498950,616896,be,553146,566134,"5",566134,566134,
111617_02,F,20.8,N,3,498950,616896,br,567154,576198,"9",576198,576198,
111617_02,F,20.8,N,3,498950,616896,o,578782,586024,"33",586024,586024,
111617_02,F,20.8,N,3,498950,616896,bk,588336,594456,"4",594456,594456,
111617_02,F,20.8,N,3,498950,616896,pu,596496,606424,"57",606424,606424,
111617_02,F,20.8,N,3,498950,616896,gn,608838,616216,"23",616216,616216,
